Gene ID,miRNA,Mutated miRNA,Mutated binding energy
ENSG00000105221,hsa-miR-532-3p,ACGUUCGGAACCCACACCCUCA,-3.1031902
ENSG00000105221,hsa-miR-532-3p,ACGUUCGGAACCCACACCCUCG,-3.6674757
ENSG00000105221,hsa-miR-532-3p,ACGUUCGGAACCCACACCCUCU,-4.226163
ENSG00000105221,hsa-miR-532-3p,ACGUUCGGAACCCACACCCUAC,-4.2896595
ENSG00000105221,hsa-miR-532-3p,ACGUUCGGAACCCACACCCUGC,-2.348464
ENSG00000105221,hsa-miR-532-3p,ACGUUCGGAACCCACACCCUUC,-3.3462272
ENSG00000105221,hsa-miR-532-3p,ACGUUCGGAACCCACACCCACC,-3.127824
ENSG00000105221,hsa-miR-532-3p,ACGUUCGGAACCCACACCCCCC,-3.1296134
ENSG00000105221,hsa-miR-532-3p,ACGUUCGGAACCCACACCCGCC,-3.6419437
ENSG00000105221,hsa-miR-532-3p,ACGUUCGGAACCCACACCAUCC,-3.9017096
ENSG00000105221,hsa-miR-532-3p,ACGUUCGGAACCCACACCGUCC,-4.00049
ENSG00000105221,hsa-miR-532-3p,ACGUUCGGAACCCACACCUUCC,-3.7441442
ENSG00000105221,hsa-miR-532-3p,ACGUUCGGAACCCACACACUCC,-4.0048404
ENSG00000105221,hsa-miR-532-3p,ACGUUCGGAACCCACACGCUCC,-3.836185
ENSG00000105221,hsa-miR-532-3p,ACGUUCGGAACCCACACUCUCC,-2.8590083
ENSG00000105221,hsa-miR-532-3p,ACGUUCGGAACCCACAACCUCC,-2.7863572
ENSG00000105221,hsa-miR-532-3p,ACGUUCGGAACCCACAGCCUCC,-2.4047878
ENSG00000105221,hsa-miR-532-3p,ACGUUCGGAACCCACAUCCUCC,-2.8936698
ENSG00000105221,hsa-miR-532-3p,ACGUUCGGAACCCACCCCCUCC,-3.072613
ENSG00000105221,hsa-miR-532-3p,ACGUUCGGAACCCACGCCCUCC,-3.0756958
ENSG00000105221,hsa-miR-532-3p,ACGUUCGGAACCCACUCCCUCC,-2.3897429
ENSG00000105221,hsa-miR-532-3p,ACGUUCGGAACCCAAACCCUCC,-2.9091473
ENSG00000105221,hsa-miR-532-3p,ACGUUCGGAACCCAGACCCUCC,-2.8126783
ENSG00000105221,hsa-miR-532-3p,ACGUUCGGAACCCAUACCCUCC,-3.24718
ENSG00000105221,hsa-miR-532-3p,ACGUUCGGAACCCCCACCCUCC,-2.5391748
ENSG00000105221,hsa-miR-532-3p,ACGUUCGGAACCCGCACCCUCC,-2.7720518
ENSG00000105221,hsa-miR-532-3p,ACGUUCGGAACCCUCACCCUCC,-2.6580367
ENSG00000105221,hsa-miR-532-3p,ACGUUCGGAACCAACACCCUCC,-2.4787235
ENSG00000105221,hsa-miR-532-3p,ACGUUCGGAACCGACACCCUCC,-2.471757
ENSG00000105221,hsa-miR-532-3p,ACGUUCGGAACCUACACCCUCC,-2.454638
ENSG00000105221,hsa-miR-532-3p,ACGUUCGGAACACACACCCUCC,-2.5721955
ENSG00000105221,hsa-miR-532-3p,ACGUUCGGAACGCACACCCUCC,-2.5632906
ENSG00000105221,hsa-miR-532-3p,ACGUUCGGAACUCACACCCUCC,-2.904995
ENSG00000105221,hsa-miR-532-3p,ACGUUCGGAAACCACACCCUCC,-3.3698483
ENSG00000105221,hsa-miR-532-3p,ACGUUCGGAAGCCACACCCUCC,-2.4003148
ENSG00000105221,hsa-miR-532-3p,ACGUUCGGAAUCCACACCCUCC,-3.4203663
ENSG00000105221,hsa-miR-532-3p,ACGUUCGGACCCCACACCCUCC,-3.32539
ENSG00000105221,hsa-miR-532-3p,ACGUUCGGAGCCCACACCCUCC,-3.5988786
ENSG00000105221,hsa-miR-532-3p,ACGUUCGGAUCCCACACCCUCC,-3.3380759
ENSG00000105221,hsa-miR-532-3p,ACGUUCGGCACCCACACCCUCC,-2.8463273
ENSG00000105221,hsa-miR-532-3p,ACGUUCGGGACCCACACCCUCC,-2.9193938
ENSG00000105221,hsa-miR-532-3p,ACGUUCGGUACCCACACCCUCC,-3.5325642
ENSG00000105221,hsa-miR-532-3p,ACGUUCGAAACCCACACCCUCC,-3.9164088
ENSG00000105221,hsa-miR-532-3p,ACGUUCGCAACCCACACCCUCC,-3.1939542
ENSG00000105221,hsa-miR-532-3p,ACGUUCGUAACCCACACCCUCC,-2.9165568
ENSG00000105221,hsa-miR-532-3p,ACGUUCAGAACCCACACCCUCC,-3.2331338
ENSG00000105221,hsa-miR-532-3p,ACGUUCCGAACCCACACCCUCC,-3.4481645
ENSG00000105221,hsa-miR-532-3p,ACGUUCUGAACCCACACCCUCC,-3.904038
ENSG00000152270,0,0,0
 ENSP00000282096,0,0,0
ENSP00000309428,0,0,0
ENSP00000375892,0,0,0
ENSP00000388644,0,0,0
ENSP00000399532,0,0,0
ENST00000282096,0,0,0
ENST00000311278,0,0,0
ENST00000392038,0,0,0
ENST00000424901,0,0,0
ENST00000455098,0,0,0
