Gene ID,miRNA,Mutated miRNA,Mutated Binding energy
ENSG00000105221,hsa-miR-1271-5p,ACUCACGAACGAUCCACGGUUA,-2.9944463
ENSG00000105221,hsa-miR-1271-5p,ACUCACGAACGAUCCACGGUUG,-2.8794332
ENSG00000105221,hsa-miR-1271-5p,ACUCACGAACGAUCCACGGUUU,-3.7709756
ENSG00000105221,hsa-miR-1271-5p,ACUCACGAACGAUCCACGGUAC,-4.1712685
ENSG00000105221,hsa-miR-1271-5p,ACUCACGAACGAUCCACGGUCC,-4.1464887
ENSG00000105221,hsa-miR-1271-5p,ACUCACGAACGAUCCACGGUGC,-1.8194845
ENSG00000105221,hsa-miR-1271-5p,ACUCACGAACGAUCCACGGAUC,-3.2961032
ENSG00000105221,hsa-miR-1271-5p,ACUCACGAACGAUCCACGGCUC,-3.1713157
ENSG00000105221,hsa-miR-1271-5p,ACUCACGAACGAUCCACGGGUC,-4.028821
ENSG00000105221,hsa-miR-1271-5p,ACUCACGAACGAUCCACGAUUC,-3.3306537
ENSG00000105221,hsa-miR-1271-5p,ACUCACGAACGAUCCACGCUUC,-3.682886
ENSG00000105221,hsa-miR-1271-5p,ACUCACGAACGAUCCACGUUUC,-3.1865685
ENSG00000105221,hsa-miR-1271-5p,ACUCACGAACGAUCCACAGUUC,-2.9177947
ENSG00000105221,hsa-miR-1271-5p,ACUCACGAACGAUCCACCGUUC,-2.8245769
ENSG00000105221,hsa-miR-1271-5p,ACUCACGAACGAUCCACUGUUC,-3.454035
ENSG00000105221,hsa-miR-1271-5p,ACUCACGAACGAUCCAAGGUUC,-3.8784711
ENSG00000105221,hsa-miR-1271-5p,ACUCACGAACGAUCCAGGGUUC,-3.6609423
ENSG00000105221,hsa-miR-1271-5p,ACUCACGAACGAUCCAUGGUUC,-3.2191703
ENSG00000105221,hsa-miR-1271-5p,ACUCACGAACGAUCCCCGGUUC,-2.9725783
ENSG00000105221,hsa-miR-1271-5p,ACUCACGAACGAUCCGCGGUUC,-3.3289578
ENSG00000105221,hsa-miR-1271-5p,ACUCACGAACGAUCCUCGGUUC,-3.459267
ENSG00000105221,hsa-miR-1271-5p,ACUCACGAACGAUCAACGGUUC,-2.7192569
ENSG00000105221,hsa-miR-1271-5p,ACUCACGAACGAUCGACGGUUC,-3.043414
ENSG00000105221,hsa-miR-1271-5p,ACUCACGAACGAUCUACGGUUC,-3.4436815
ENSG00000105221,hsa-miR-1271-5p,ACUCACGAACGAUACACGGUUC,-2.9408855
ENSG00000105221,hsa-miR-1271-5p,ACUCACGAACGAUGCACGGUUC,-2.9641647
ENSG00000105221,hsa-miR-1271-5p,ACUCACGAACGAUUCACGGUUC,-3.3757632
ENSG00000105221,hsa-miR-1271-5p,ACUCACGAACGAACCACGGUUC,-3.0186236
ENSG00000105221,hsa-miR-1271-5p,ACUCACGAACGACCCACGGUUC,-4.121214
ENSG00000105221,hsa-miR-1271-5p,ACUCACGAACGAGCCACGGUUC,-3.6229417
ENSG00000105221,hsa-miR-1271-5p,ACUCACGAACGCUCCACGGUUC,-2.8654792
ENSG00000105221,hsa-miR-1271-5p,ACUCACGAACGGUCCACGGUUC,-3.4807694
ENSG00000105221,hsa-miR-1271-5p,ACUCACGAACGUUCCACGGUUC,-3.504363
ENSG00000105221,hsa-miR-1271-5p,ACUCACGAACAAUCCACGGUUC,-3.463699
ENSG00000105221,hsa-miR-1271-5p,ACUCACGAACCAUCCACGGUUC,-2.1894624
ENSG00000105221,hsa-miR-1271-5p,ACUCACGAACUAUCCACGGUUC,-1.9128969
ENSG00000105221,hsa-miR-1271-5p,ACUCACGAAAGAUCCACGGUUC,-3.1927178
ENSG00000105221,hsa-miR-1271-5p,ACUCACGAAGGAUCCACGGUUC,-2.5764751
ENSG00000105221,hsa-miR-1271-5p,ACUCACGAAUGAUCCACGGUUC,-2.6017447
ENSG00000105221,hsa-miR-1271-5p,ACUCACGACCGAUCCACGGUUC,-2.1651578
ENSG00000105221,hsa-miR-1271-5p,ACUCACGAGCGAUCCACGGUUC,-3.298942
ENSG00000105221,hsa-miR-1271-5p,ACUCACGAUCGAUCCACGGUUC,-3.4475617
ENSG00000105221,hsa-miR-1271-5p,ACUCACGCACGAUCCACGGUUC,-2.6480544
ENSG00000105221,hsa-miR-1271-5p,ACUCACGGACGAUCCACGGUUC,-2.4883113
ENSG00000105221,hsa-miR-1271-5p,ACUCACGUACGAUCCACGGUUC,-2.9731884
ENSG00000105221,hsa-miR-1271-5p,ACUCACAAACGAUCCACGGUUC,-2.9857533
ENSG00000105221,hsa-miR-1271-5p,ACUCACCAACGAUCCACGGUUC,-3.4897683
ENSG00000105221,hsa-miR-1271-5p,ACUCACUAACGAUCCACGGUUC,-2.663654
ENSG00000152270,0,0,0
 ENSP00000282096,0,0,0
ENSP00000309428,0,0,0
ENSP00000375892,0,0,0
ENSP00000388644,0,0,0
ENSP00000399532,0,0,0
ENST00000282096,0,0,0
ENST00000311278,0,0,0
ENST00000392038,0,0,0
ENST00000424901,0,0,0
ENST00000455098,0,0,0
